Unnamed: 0,Unnamed: 1,CDU/CSU,SPD,GRÜNE,FDP,LINKE,AfD,FW,BSW,Sonstige,Unnamed: 11,Nichtwähler/ Unentschl.,Befragte,Zeitraum;;;;;;;;;;;;;;;
25112025,,25 %,14 %,12 %,3 %,11 %,26 %,–,3 %,6 %,,26 %,2501,18.11.–24.11.;;;;;;;;;;;;;;;
18112025,,25 %,14 %,12 %,3 %,11 %,26 %,–,–,9 %,,25 %,2502,11.11.–17.11.;;;;;;;;;;;;;;;
11112025,,24 %,14 %,12 %,3 %,11 %,26 %,–,3 %,7 %,,24 %,2503,04.11.–10.11.;;;;;;;;;;;;;;;
04112025,,24 %,14 %,12 %,3 %,12 %,26 %,–,3 %,6 %,,23 %,2500,28.10.–03.11.;;;;;;;;;;;;;;;
28102025,,25 %,13 %,12 %,3 %,12 %,26 %,–,3 %,6 %,,23 %,2502,21.10.–27.10.;;;;;;;;;;;;;;;
21102025,,24 %,14 %,12 %,3 %,11 %,26 %,–,4 %,6 %,,23 %,2505,14.10.–20.10.;;;;;;;;;;;;;;;
14102025,,24 %,13 %,12 %,3 %,12 %,26 %,–,4 %,6 %,,23 %,2500,07.10.–13.10.;;;;;;;;;;;;;;;
07102025,,24 %,13 %,12 %,3 %,12 %,26 %,–,4 %,6 %,,,2001,30.09.–06.10.;;;;;;;;;;;;;;;
30092025,,24 %,13 %,12 %,3 %,11 %,27 %,–,4 %,6 %,,22 %,2504,23.09.–29.09.;;;;;;;;;;;;;;;
23092025,,25 %,13 %,11 %,3 %,11 %,27 %,–,4 %,6 %,,,2504,16.09.–22.09.;;;;;;;;;;;;;;;
16092025,,25 %,14 %,12 %,3 %,11 %,25 %,–,4 %,6 %,,,2502,09.09.–15.09.;;;;;;;;;;;;;;;
09092025,,25 %,14 %,11 %,3 %,12 %,26 %,–,3 %,7 %,,25 %,2500,02.09.–08.09.;;;;;;;;;;;;;;;
02092025,,25 %,14 %,11 %,3 %,12 %,26 %,–,3 %,7 %,,25 %,2502,26.08.–01.09.;;;;;;;;;;;;;;;
26082025,,25 %,13 %,12 %,3 %,11 %,26 %,–,3 %,7 %,,26 %,2501,19.08.–25.08.;;;;;;;;;;;;;;;
19082025,,25 %,13 %,12 %,3 %,12 %,26 %,–,3 %,6 %,,,2502,12.08.–18.08.;;;;;;;;;;;;;;;
12082025,,24 %,13 %,13 %,3 %,11 %,26 %,–,4 %,6 %,,25 %,2505,05.08.–11.08.;;;;;;;;;;;;;;;
05082025,,25 %,13 %,12 %,3 %,12 %,25 %,–,4 %,6 %,,24 %,2503,29.07.–04.08.;;;;;;;;;;;;;;;
29072025,,26 %,13 %,12 %,3 %,12 %,25 %,–,3 %,6 %,,24 %,2502,22.07.–28.07.;;;;;;;;;;;;;;;
22072025,,25 %,13 %,12 %,3 %,12 %,25 %,–,4 %,6 %,,,2502,15.07.–21.07.;;;;;;;;;;;;;;;
15072025,,26 %,13 %,12 %,4 %,11 %,24 %,–,4 %,6 %,,,2503,08.07.–14.07.;;;;;;;;;;;;;;;
08072025,,27 %,13 %,12 %,3 %,11 %,24 %,–,4 %,6 %,,,2503,01.07.–07.07.;;;;;;;;;;;;;;;
01072025,,28 %,14 %,11 %,3 %,11 %,24 %,–,3 %,6 %,,24 %,2501,24.06.–30.06.;;;;;;;;;;;;;;;
23062025,,28 %,14 %,11 %,3 %,11 %,24 %,–,3 %,6 %,,21 %,2003,17.06.–20.06.;;;;;;;;;;;;;;;
17062025,,28 %,14 %,11 %,4 %,10 %,23 %,–,4 %,6 %,,,2502,10.06.–16.06.;;;;;;;;;;;;;;;
10062025,,27 %,14 %,11 %,4 %,11 %,24 %,–,3 %,6 %,,,2002,03.06.–06.06.;;;;;;;;;;;;;;;
03062025,,27 %,15 %,12 %,3 %,11 %,23 %,–,3 %,6 %,,20 %,2002,27.05.–02.06.;;;;;;;;;;;;;;;
27052025,,26 %,15 %,11 %,4 %,11 %,24 %,–,3 %,6 %,,20 %,2501,20.05.–26.05.;;;;;;;;;;;;;;;
20052025,,26 %,15 %,11 %,4 %,11 %,24 %,–,3 %,6 %,,20 %,2504,13.05.–19.05.;;;;;;;;;;;;;;;
13052025,,25 %,15 %,11 %,3 %,10 %,25 %,–,4 %,7 %,,,3001,05.05.–12.05.;;;;;;;;;;;;;;;
05052025,,25 %,15 %,12 %,3 %,10 %,25 %,–,3 %,7 %,,21 %,1503,29.04.–02.05.;;;;;;;;;;;;;;;
29042025,,24 %,14 %,12 %,3 %,10 %,26 %,–,4 %,7 %,,22 %,2004,22.04.–28.04.;;;;;;;;;;;;;;;
22042025,,25 %,15 %,11 %,4 %,9 %,26 %,–,4 %,6 %,,,1502,15.04.–17.04.;;;;;;;;;;;;;;;
15042025,,25 %,15 %,12 %,3 %,10 %,24 %,–,4 %,7 %,,,2502,08.04.–14.04.;;;;;;;;;;;;;;;
08042025,,25 %,15 %,12 %,3 %,10 %,24 %,–,4 %,7 %,,19 %,2501,01.04.–07.04.;;;;;;;;;;;;;;;
01042025,,25 %,15 %,12 %,4 %,10 %,24 %,–,4 %,6 %,,,2508,25.03.–31.03.;;;;;;;;;;;;;;;
25032025,,26 %,15 %,12 %,4 %,10 %,23 %,–,4 %,6 %,,,2502,18.03.–24.03.;;;;;;;;;;;;;;;
18032025,,27 %,14 %,12 %,4 %,11 %,23 %,–,3 %,6 %,,,2501,11.03.–17.03.;;;;;;;;;;;;;;;
11032025,,28 %,15 %,11 %,4 %,11 %,22 %,–,3 %,6 %,,,2504,04.03.–10.03.;;;;;;;;;;;;;;;
04032025,,28 %,15 %,11 %,3 %,12 %,22 %,–,3 %,6 %,,16 %,3001,24.02.–03.03.;;;;;;;;;;;;;;;
"23022025,,""28,5 %"",""16,4 %"",""11,6 %"",""4,3 %"",""8,8 %"",""20,8 %"",""1,5 %"",""4,98 %"",""3,0 %"",,""17,5 %"",Bundestagswahl,Bundestagswahl";;;;;;;;;;;;;;;
21022025,,29 %,15 %,13 %,5 %,8 %,21 %,–,3 %,6 %,,22 %,2002,17.02.–20.02.;;;;;;;;;;;;;;;
18022025,,30 %,16 %,13 %,5 %,7 %,20 %,–,4 %,5 %,,,2501,11.02.–17.02.;;;;;;;;;;;;;;;
16022025,,30 %,16 %,13 %,5 %,7 %,20 %,–,4 %,5 %,,,2005,11.02.–14.02.;;;;;;;;;;;;;;;
11022025,,29 %,16 %,14 %,4 %,6 %,20 %,–,4 %,7 %,,23 %,2502,04.02.–10.02.;;;;;;;;;;;;;;;
04022025,,28 %,16 %,15 %,4 %,5 %,20 %,–,4 %,8 %,,,2503,28.01.–03.02.;;;;;;;;;;;;;;;
28012025,,30 %,16 %,14 %,4 %,4 %,20 %,–,3 %,9 %,,,2504,21.01.–27.01.;;;;;;;;;;;;;;;
21012025,,31 %,16 %,13 %,4 %,3 %,19 %,–,4 %,10 %,,,2502,14.01.–20.01.;;;;;;;;;;;;;;;
14012025,,31 %,16 %,13 %,4 %,3 %,20 %,–,4 %,9 %,,28 %,2504,07.01.–13.01.;;;;;;;;;;;;;;;
07012025,,32 %,17 %,12 %,3 %,3 %,19 %,–,4 %,10 %,,27 %,1501,02.01.–06.01.;;;;;;;;;;;;;;;
23122024,,31 %,16 %,13 %,3 %,4 %,19 %,–,4 %,10 %,,25 %,2008,17.12.–20.12.;;;;;;;;;;;;;;;
17122024,,30 %,17 %,13 %,4 %,3 %,19 %,–,4 %,10 %,,23 %,2501,10.12.–16.12.;;;;;;;;;;;;;;;
10122024,,31 %,17 %,13 %,4 %,3 %,18 %,–,4 %,10 %,,22 %,2501,03.12.–09.12.;;;;;;;;;;;;;;;
03122024,,32 %,16 %,12 %,3 %,4 %,18 %,–,4 %,11 %,,,2502,26.11.–02.12.;;;;;;;;;;;;;;;
26112024,,32 %,15 %,12 %,4 %,4 %,18 %,–,4 %,11 %,,,2500,19.11.–25.11.;;;;;;;;;;;;;;;
19112024,,33 %,15 %,11 %,4 %,4 %,18 %,–,4 %,11 %,,,2500,12.11.–18.11.;;;;;;;;;;;;;;;
12112024,,33 %,16 %,11 %,4 %,3 %,17 %,–,5 %,11 %,,,2501,05.11.–11.11.;;;;;;;;;;;;;;;
07112024,,32 %,17 %,11 %,3 %,3 %,17 %,–,6 %,11 %,,,1181,07.11.–07.11.;;;;;;;;;;;;;;;
05112024,,33 %,16 %,10 %,3 %,3 %,16 %,–,6 %,13 %,,,2500,29.10.–04.11.;;;;;;;;;;;;;;;
29102024,,32 %,16 %,9 %,4 %,3 %,17 %,–,7 %,12 %,,23 %,2503,22.10.–28.10.;;;;;;;;;;;;;;;
22102024,,31 %,16 %,11 %,3 %,3 %,17 %,–,7 %,12 %,,,2500,15.10.–21.10.;;;;;;;;;;;;;;;
15102024,,31 %,16 %,10 %,4 %,3 %,17 %,–,7 %,12 %,,,2501,08.10.–14.10.;;;;;;;;;;;;;;;
08102024,,31 %,17 %,11 %,3 %,3 %,17 %,–,6 %,12 %,,,2001,01.10.–07.10.;;;;;;;;;;;;;;;
01102024,,31 %,17 %,10 %,4 %,3 %,17 %,–,6 %,12 %,,,2501,24.09.–30.09.;;;;;;;;;;;;;;;
24092024,,32 %,15 %,11 %,4 %,–,17 %,–,7 %,14 %,,21 %,2500,17.09.–23.09.;;;;;;;;;;;;;;;
17092024,,31 %,15 %,11 %,4 %,3 %,17 %,–,6 %,13 %,,,2501,10.09.–16.09.;;;;;;;;;;;;;;;
10092024,,33 %,14 %,11 %,3 %,3 %,17 %,–,7 %,12 %,,,2500,03.09.–09.09.;;;;;;;;;;;;;;;
03092024,,32 %,14 %,11 %,5 %,3 %,17 %,–,7 %,11 %,,,2508,27.08.–02.09.;;;;;;;;;;;;;;;
27082024,,31 %,15 %,11 %,5 %,3 %,17 %,–,7 %,11 %,,,2501,20.08.–26.08.;;;;;;;;;;;;;;;
20082024,,31 %,15 %,11 %,5 %,3 %,17 %,–,7 %,11 %,,,2503,13.08.–19.08.;;;;;;;;;;;;;;;
13082024,,30 %,15 %,11 %,5 %,3 %,17 %,–,7 %,12 %,,22 %,2502,06.08.–12.08.;;;;;;;;;;;;;;;
06082024,,30 %,15 %,11 %,5 %,3 %,17 %,3 %,7 %,9 %,,20 %,2500,30.07.–05.08.;;;;;;;;;;;;;;;
30072024,,30 %,15 %,11 %,4 %,3 %,17 %,–,7 %,13 %,,21 %,2501,23.07.–29.07.;;;;;;;;;;;;;;;
23072024,,31 %,14 %,11 %,5 %,4 %,17 %,–,7 %,11 %,,18 %,2504,16.07.–22.07.;;;;;;;;;;;;;;;
16072024,,32 %,14 %,11 %,5 %,3 %,16 %,–,7 %,12 %,,18 %,2503,09.07.–15.07.;;;;;;;;;;;;;;;
09072024,,30 %,14 %,11 %,5 %,–,17 %,–,8 %,15 %,,19 %,2504,02.07.–08.07.;;;;;;;;;;;;;;;
02072024,,31 %,15 %,11 %,6 %,–,16 %,–,7 %,14 %,,18 %,2506,25.06.–01.07.;;;;;;;;;;;;;;;
25062024,,31 %,15 %,11 %,5 %,–,16 %,3 %,7 %,12 %,,19 %,2505,18.06.–24.06.;;;;;;;;;;;;;;;
18062024,,30 %,15 %,12 %,5 %,–,16 %,3 %,7 %,12 %,,,2504,11.06.–17.06.;;;;;;;;;;;;;;;
11062024,,30 %,16 %,13 %,6 %,–,16 %,–,6 %,13 %,,22 %,2505,04.06.–10.06.;;;;;;;;;;;;;;;
04062024,,30 %,17 %,13 %,6 %,–,15 %,–,6 %,13 %,,22 %,2506,28.05.–03.06.;;;;;;;;;;;;;;;
28052024,,30 %,16 %,13 %,6 %,–,15 %,–,6 %,14 %,,22 %,2503,21.05.–27.05.;;;;;;;;;;;;;;;
21052024,,32 %,16 %,14 %,5 %,–,15 %,–,5 %,13 %,,,2001,14.05.–17.05.;;;;;;;;;;;;;;;
14052024,,32 %,16 %,13 %,5 %,3 %,15 %,–,5 %,11 %,,23 %,2006,07.05.–13.05.;;;;;;;;;;;;;;;
07052024,,31 %,16 %,12 %,6 %,3 %,15 %,–,4 %,13 %,,,2000,30.04.–06.05.;;;;;;;;;;;;;;;
30042024,,30 %,17 %,12 %,5 %,3 %,16 %,–,4 %,13 %,,23 %,2505,23.04.–29.04.;;;;;;;;;;;;;;;
23042024,,31 %,16 %,12 %,5 %,–,16 %,–,5 %,15 %,,25 %,2501,16.04.–22.04.;;;;;;;;;;;;;;;
16042024,,31 %,16 %,12 %,5 %,–,17 %,–,5 %,14 %,,23 %,2505,09.04.–15.04.;;;;;;;;;;;;;;;
09042024,,30 %,16 %,13 %,5 %,–,17 %,–,5 %,14 %,,24 %,2506,02.04.–08.04.;;;;;;;;;;;;;;;
02042024,,31 %,16 %,13 %,4 %,–,17 %,–,5 %,14 %,,24 %,1508,26.03.–28.03.;;;;;;;;;;;;;;;
26032024,,31 %,16 %,13 %,4 %,3 %,17 %,3 %,5 %,8 %,,24 %,2503,19.03.–25.03.;;;;;;;;;;;;;;;
19032024,,31 %,16 %,13 %,4 %,3 %,17 %,3 %,5 %,8 %,,24 %,2500,12.03.–18.03.;;;;;;;;;;;;;;;
12032024,,30 %,15 %,14 %,5 %,3 %,17 %,3 %,5 %,8 %,,,2502,05.03.–11.03.;;;;;;;;;;;;;;;
05032024,,31 %,15 %,14 %,5 %,3 %,17 %,3 %,4 %,8 %,,,2506,27.02.–04.03.;;;;;;;;;;;;;;;
27022024,,30 %,14 %,15 %,5 %,3 %,17 %,3 %,4 %,9 %,,,2503,20.02.–26.02.;;;;;;;;;;;;;;;
20022024,,30 %,15 %,14 %,5 %,3 %,17 %,3 %,4 %,9 %,,24 %,2504,13.02.–19.02.;;;;;;;;;;;;;;;
13022024,,31 %,15 %,14 %,4 %,3 %,18 %,–,5 %,10 %,,25 %,2502,06.02.–12.02.;;;;;;;;;;;;;;;
06022024,,31 %,15 %,14 %,4 %,3 %,18 %,3 %,5 %,7 %,,25 %,2503,30.01.–04.02.;;;;;;;;;;;;;;;
30012024,,32 %,15 %,14 %,3 %,3 %,19 %,3 %,3 %,8 %,,27 %,2506,23.01.–29.01.;;;;;;;;;;;;;;;
23012024,,31 %,14 %,14 %,4 %,4 %,20 %,3 %,3 %,7 %,,,2503,16.01.–22.01.;;;;;;;;;;;;;;;
16012024,,31 %,13 %,14 %,4 %,4 %,22 %,3 %,–,9 %,,,2504,09.01.–15.01.;;;;;;;;;;;;;;;
09012024,,30 %,15 %,14 %,4 %,4 %,22 %,3 %,–,8 %,,,2502,02.01.–08.01.;;;;;;;;;;;;;;;
19122023,,31 %,14 %,13 %,5 %,3 %,23 %,–,–,11 %,,,2501,12.12.–18.12.;;;;;;;;;;;;;;;
12122023,,31 %,14 %,13 %,5 %,4 %,22 %,–,–,11 %,,,2501,05.12.–11.12.;;;;;;;;;;;;;;;
05122023,,30 %,14 %,14 %,5 %,4 %,22 %,–,–,11 %,,,2501,28.11.–04.12.;;;;;;;;;;;;;;;
28112023,,30 %,14 %,15 %,5 %,4 %,21 %,–,–,11 %,,25 %,2500,21.11.–27.11.;;;;;;;;;;;;;;;
21112023,,30 %,15 %,14 %,5 %,3 %,21 %,3 %,–,9 %,,26 %,2501,14.11.–20.11.;;;;;;;;;;;;;;;
14112023,,30 %,14 %,14 %,5 %,4 %,21 %,3 %,–,9 %,,,2504,07.11.–13.11.;;;;;;;;;;;;;;;
07112023,,29 %,15 %,14 %,5 %,4 %,21 %,3 %,–,9 %,,,2502,31.10.–06.11.;;;;;;;;;;;;;;;
31102023,,29 %,15 %,14 %,5 %,3 %,22 %,3 %,–,9 %,,26 %,2501,24.10.–30.10.;;;;;;;;;;;;;;;
24102023,,31 %,14 %,14 %,5 %,4 %,21 %,3 %,–,8 %,,,2504,17.10.–23.10.;;;;;;;;;;;;;;;
17102023,,32 %,14 %,14 %,4 %,4 %,21 %,3 %,–,8 %,,22 %,2501,10.10.–16.10.;;;;;;;;;;;;;;;
10102023,,28 %,18 %,14 %,6 %,4 %,20 %,–,–,10 %,,,2003,04.10.–09.10.;;;;;;;;;;;;;;;
02102023,,28 %,18 %,14 %,5 %,4 %,20 %,–,–,11 %,,25 %,2004,26.09.–29.09.;;;;;;;;;;;;;;;
26092023,,27 %,17 %,14 %,6 %,4 %,21 %,–,–,11 %,,27 %,2503,19.09.–25.09.;;;;;;;;;;;;;;;
19092023,,27 %,17 %,14 %,6 %,4 %,22 %,–,–,10 %,,27 %,2504,12.09.–18.09.;;;;;;;;;;;;;;;
12092023,,27 %,17 %,13 %,7 %,4 %,21 %,–,–,11 %,,28 %,2505,05.09.–11.09.;;;;;;;;;;;;;;;
05092023,,27 %,16 %,14 %,7 %,4 %,21 %,–,–,11 %,,,2506,29.08.–04.09.;;;;;;;;;;;;;;;
29082023,,26 %,17 %,14 %,7 %,4 %,21 %,–,–,11 %,,29 %,2504,22.08.–28.08.;;;;;;;;;;;;;;;
22082023,,26 %,18 %,14 %,7 %,4 %,20 %,–,–,11 %,,29 %,2506,15.08.–21.08.;;;;;;;;;;;;;;;
15082023,,25 %,17 %,15 %,7 %,4 %,21 %,–,–,11 %,,28 %,2501,08.08.–14.08.;;;;;;;;;;;;;;;
08082023,,25 %,17 %,15 %,7 %,4 %,21 %,–,–,11 %,,28 %,2502,01.08.–07.08.;;;;;;;;;;;;;;;
01082023,,25 %,17 %,15 %,6 %,5 %,21 %,–,–,11 %,,28 %,2500,25.07.–31.07.;;;;;;;;;;;;;;;
25072023,,27 %,18 %,14 %,6 %,5 %,19 %,–,–,11 %,,28 %,2504,18.07.–24.07.;;;;;;;;;;;;;;;
18072023,,26 %,18 %,15 %,7 %,4 %,20 %,–,–,10 %,,26 %,2502,11.07.–17.07.;;;;;;;;;;;;;;;
11072023,,27 %,18 %,14 %,7 %,5 %,19 %,–,–,10 %,,25 %,2003,04.07.–07.07.;;;;;;;;;;;;;;;
04072023,,27 %,18 %,15 %,6 %,5 %,19 %,–,–,10 %,,25 %,2501,27.06.–03.07.;;;;;;;;;;;;;;;
27062023,,27 %,18 %,15 %,7 %,4 %,19 %,–,–,10 %,,25 %,2506,20.06.–26.06.;;;;;;;;;;;;;;;
20062023,,27 %,18 %,15 %,7 %,4 %,19 %,–,–,10 %,,,2503,13.06.–19.06.;;;;;;;;;;;;;;;
13062023,,29 %,18 %,14 %,7 %,4 %,19 %,–,–,9 %,,24 %,2504,06.06.–12.06.;;;;;;;;;;;;;;;
06062023,,30 %,18 %,14 %,7 %,4 %,17 %,–,–,10 %,,23 %,2505,30.05.–05.06.;;;;;;;;;;;;;;;
30052023,,29 %,18 %,14 %,7 %,5 %,17 %,–,–,10 %,,23 %,2001,23.05.–26.05.;;;;;;;;;;;;;;;
23052023,,30 %,18 %,14 %,7 %,5 %,16 %,–,–,10 %,,,2003,16.05.–22.05.;;;;;;;;;;;;;;;
16052023,,30 %,17 %,15 %,8 %,4 %,16 %,–,–,10 %,,25 %,2503,09.05.–15.05.;;;;;;;;;;;;;;;
09052023,,29 %,18 %,16 %,7 %,4 %,16 %,–,–,10 %,,,2505,02.05.–08.05.;;;;;;;;;;;;;;;
02052023,,30 %,17 %,16 %,7 %,4 %,16 %,–,–,10 %,,,2007,25.04.–28.04.;;;;;;;;;;;;;;;
25042023,,30 %,18 %,16 %,7 %,4 %,15 %,–,–,10 %,,23 %,2506,18.04.–24.04.;;;;;;;;;;;;;;;
18042023,,29 %,18 %,17 %,7 %,4 %,15 %,–,–,10 %,,24 %,2508,11.04.–17.04.;;;;;;;;;;;;;;;
11042023,,30 %,18 %,18 %,7 %,4 %,14 %,–,–,9 %,,25 %,1501,04.04.–06.04.;;;;;;;;;;;;;;;
04042023,,29 %,18 %,18 %,7 %,4 %,14 %,–,–,10 %,,25 %,2502,28.03.–03.04.;;;;;;;;;;;;;;;
28032023,,29 %,19 %,18 %,6 %,4 %,14 %,–,–,10 %,,24 %,2506,21.03.–27.03.;;;;;;;;;;;;;;;
21032023,,29 %,19 %,18 %,6 %,5 %,14 %,–,–,9 %,,23 %,2503,14.03.–20.03.;;;;;;;;;;;;;;;
14032023,,29 %,20 %,17 %,6 %,5 %,14 %,–,–,9 %,,22 %,2505,07.03.–13.03.;;;;;;;;;;;;;;;
07032023,,31 %,20 %,17 %,5 %,5 %,13 %,–,–,9 %,,,2504,28.02.–06.03.;;;;;;;;;;;;;;;
28022023,,31 %,20 %,17 %,5 %,5 %,13 %,–,–,9 %,,22 %,2501,21.02.–27.02.;;;;;;;;;;;;;;;
21022023,,31 %,19 %,17 %,6 %,5 %,13 %,–,–,9 %,,,2510,14.02.–20.02.;;;;;;;;;;;;;;;
14022023,,28 %,21 %,18 %,6 %,5 %,13 %,–,–,9 %,,23 %,2505,07.02.–13.02.;;;;;;;;;;;;;;;
07022023,,28 %,21 %,18 %,7 %,5 %,13 %,–,–,8 %,,24 %,2502,31.01.–06.02.;;;;;;;;;;;;;;;
31012023,,27 %,20 %,19 %,7 %,5 %,13 %,–,–,9 %,,,2503,24.01.–30.01.;;;;;;;;;;;;;;;
24012023,,28 %,19 %,20 %,7 %,5 %,12 %,–,–,9 %,,23 %,2502,17.01.–23.01.;;;;;;;;;;;;;;;
17012023,,28 %,18 %,20 %,7 %,5 %,13 %,–,–,9 %,,24 %,2500,10.01.–16.01.;;;;;;;;;;;;;;;
10012023,,29 %,18 %,20 %,7 %,5 %,13 %,–,–,8 %,,23 %,2502,03.01.–09.01.;;;;;;;;;;;;;;;
20122022,,28 %,19 %,19 %,7 %,5 %,13 %,–,–,9 %,,24 %,2503,13.12.–19.12.;;;;;;;;;;;;;;;
13122022,,29 %,19 %,19 %,7 %,5 %,12 %,–,–,9 %,,24 %,2506,06.12.–12.12.;;;;;;;;;;;;;;;
06122022,,29 %,19 %,19 %,7 %,5 %,12 %,–,–,9 %,,25 %,2500,29.11.–05.12.;;;;;;;;;;;;;;;
29112022,,29 %,19 %,20 %,6 %,5 %,12 %,–,–,9 %,,24 %,2505,22.11.–28.11.;;;;;;;;;;;;;;;
22112022,,28 %,19 %,20 %,6 %,5 %,13 %,–,–,9 %,,25 %,2502,15.11.–21.11.;;;;;;;;;;;;;;;
15112022,,28 %,19 %,20 %,6 %,4 %,14 %,–,–,9 %,,25 %,2503,08.11.–14.11.;;;;;;;;;;;;;;;
08112022,,28 %,19 %,19 %,6 %,5 %,14 %,–,–,9 %,,24 %,2502,01.11.–07.11.;;;;;;;;;;;;;;;
02112022,,27 %,20 %,20 %,6 %,4 %,14 %,–,–,9 %,,23 %,2503,25.10.–31.10.;;;;;;;;;;;;;;;
25102022,,28 %,19 %,20 %,6 %,4 %,14 %,–,–,9 %,,22 %,2502,18.10.–24.10.;;;;;;;;;;;;;;;
18102022,,27 %,20 %,20 %,6 %,4 %,14 %,–,–,9 %,,,2505,11.10.–17.10.;;;;;;;;;;;;;;;
11102022,,28 %,18 %,20 %,6 %,5 %,14 %,–,–,9 %,,24 %,2501,04.10.–10.10.;;;;;;;;;;;;;;;
04102022,,28 %,18 %,20 %,6 %,5 %,14 %,–,–,9 %,,25 %,2001,27.09.–30.09.;;;;;;;;;;;;;;;
27092022,,28 %,18 %,20 %,7 %,5 %,13 %,–,–,9 %,,23 %,2505,20.09.–26.09.;;;;;;;;;;;;;;;
20092022,,28 %,19 %,19 %,7 %,5 %,13 %,–,–,9 %,,23 %,2506,13.09.–19.09.;;;;;;;;;;;;;;;
13092022,,28 %,19 %,20 %,6 %,5 %,13 %,–,–,9 %,,,2501,06.09.–13.09.;;;;;;;;;;;;;;;
06092022,,26 %,18 %,24 %,7 %,5 %,11 %,–,–,9 %,,25 %,2500,30.08.–05.09.;;;;;;;;;;;;;;;
30082022,,26 %,17 %,25 %,7 %,5 %,11 %,–,–,9 %,,25 %,2503,23.08.–29.08.;;;;;;;;;;;;;;;
23082022,,26 %,18 %,25 %,7 %,4 %,11 %,–,–,9 %,,25 %,2505,16.08.–22.08.;;;;;;;;;;;;;;;
16082022,,26 %,18 %,25 %,6 %,4 %,11 %,–,–,10 %,,28 %,2500,09.08.–15.08.;;;;;;;;;;;;;;;
09082022,,26 %,18 %,24 %,7 %,5 %,10 %,–,–,10 %,,26 %,2504,02.08.–08.08.;;;;;;;;;;;;;;;
02082022,,27 %,18 %,24 %,7 %,5 %,10 %,–,–,9 %,,,2504,26.07.–01.08.;;;;;;;;;;;;;;;
26072022,,26 %,19 %,24 %,6 %,5 %,10 %,–,–,10 %,,22 %,2510,19.07.–25.07.;;;;;;;;;;;;;;;
19072022,,26 %,20 %,24 %,6 %,5 %,9 %,–,–,10 %,,,2501,12.07.–18.07.;;;;;;;;;;;;;;;
12072022,,26 %,19 %,24 %,7 %,5 %,9 %,–,–,10 %,,22 %,2503,05.07.–11.07.;;;;;;;;;;;;;;;
05072022,,26 %,20 %,24 %,8 %,4 %,9 %,–,–,9 %,,23 %,2502,28.06.–02.07.;;;;;;;;;;;;;;;
28062022,,26 %,20 %,24 %,8 %,4 %,9 %,–,–,9 %,,22 %,2500,21.06.–27.06.;;;;;;;;;;;;;;;
21062022,,28 %,19 %,23 %,8 %,4 %,9 %,–,–,9 %,,25 %,2504,14.06.–20.06.;;;;;;;;;;;;;;;
14062022,,27 %,20 %,23 %,8 %,4 %,9 %,–,–,9 %,,20 %,2511,07.06.–13.06.;;;;;;;;;;;;;;;
07062022,,27 %,19 %,23 %,8 %,4 %,10 %,–,–,9 %,,20 %,2002,31.05.–03.06.;;;;;;;;;;;;;;;
31052022,,29 %,19 %,24 %,7 %,4 %,9 %,–,–,8 %,,21 %,2004,24.05.–30.05.;;;;;;;;;;;;;;;
24052022,,28 %,21 %,23 %,7 %,4 %,9 %,–,–,8 %,,22 %,2505,17.05.–23.05.;;;;;;;;;;;;;;;
17052022,,27 %,22 %,22 %,8 %,4 %,8 %,–,–,9 %,,23 %,2502,10.05.–16.05.;;;;;;;;;;;;;;;
10052022,,26 %,23 %,21 %,9 %,4 %,9 %,–,–,8 %,,,2501,03.05.–09.05.;;;;;;;;;;;;;;;
03052022,,26 %,23 %,20 %,9 %,4 %,9 %,–,–,9 %,,,2508,26.04.–02.05.;;;;;;;;;;;;;;;
26042022,,25 %,24 %,20 %,9 %,4 %,9 %,–,–,9 %,,25 %,2507,19.04.–25.04.;;;;;;;;;;;;;;;
19042022,,25 %,25 %,20 %,8 %,4 %,9 %,–,–,9 %,,25 %,1501,12.04.–14.04.;;;;;;;;;;;;;;;
12042022,,24 %,27 %,19 %,8 %,4 %,9 %,–,–,9 %,,25 %,2500,05.04.–11.04.;;;;;;;;;;;;;;;
05042022,,24 %,27 %,19 %,8 %,4 %,9 %,–,–,9 %,,24 %,2508,29.03.–04.04.;;;;;;;;;;;;;;;
29032022,,26 %,24 %,18 %,9 %,5 %,9 %,–,–,9 %,,22 %,2507,22.03.–28.03.;;;;;;;;;;;;;;;
22032022,,27 %,23 %,18 %,10 %,5 %,9 %,–,–,8 %,,22 %,2501,15.03.–21.03.;;;;;;;;;;;;;;;
15032022,,26 %,25 %,18 %,9 %,5 %,9 %,–,–,8 %,,,2502,08.03.–14.03.;;;;;;;;;;;;;;;
08032022,,25 %,26 %,18 %,9 %,6 %,7 %,–,–,9 %,,22 %,2501,01.03.–07.03.;;;;;;;;;;;;;;;
01032022,,26 %,25 %,18 %,9 %,6 %,7 %,–,–,9 %,,,1500,24.02.–28.02.;;;;;;;;;;;;;;;
22022022,,27 %,23 %,17 %,9 %,6 %,9 %,–,–,9 %,,23 %,2500,15.02.–21.02.;;;;;;;;;;;;;;;
15022022,,27 %,23 %,16 %,9 %,6 %,9 %,–,–,10 %,,22 %,2504,08.02.–14.02.;;;;;;;;;;;;;;;
08022022,,27 %,22 %,16 %,9 %,6 %,10 %,–,–,10 %,,23 %,2502,01.02.–07.02.;;;;;;;;;;;;;;;
01022022,,27 %,23 %,16 %,9 %,6 %,10 %,–,–,9 %,,23 %,2501,25.01.–31.01.;;;;;;;;;;;;;;;
25012022,,24 %,25 %,16 %,10 %,6 %,10 %,–,–,9 %,,22 %,2502,18.01.–24.01.;;;;;;;;;;;;;;;
18012022,,25 %,25 %,16 %,10 %,5 %,10 %,–,–,9 %,,22 %,2504,11.01.–17.01.;;;;;;;;;;;;;;;
11012022,,25 %,25 %,17 %,10 %,5 %,9 %,–,–,9 %,,22 %,3003,03.01.–10.01.;;;;;;;;;;;;;;;
21122021,,24 %,26 %,16 %,10 %,5 %,9 %,–,–,10 %,,,2501,14.12.–20.12.;;;;;;;;;;;;;;;
14122021,,23 %,26 %,15 %,11 %,5 %,10 %,–,–,10 %,,,2509,07.12.–13.12.;;;;;;;;;;;;;;;
07122021,,22 %,25 %,17 %,11 %,5 %,10 %,–,–,10 %,,,2503,30.11.–06.12.;;;;;;;;;;;;;;;
30112021,,22 %,24 %,17 %,12 %,5 %,10 %,–,–,10 %,,,2509,23.11.–29.11.;;;;;;;;;;;;;;;
23112021,,22 %,24 %,17 %,12 %,5 %,10 %,–,–,10 %,,,2501,16.11.–22.11.;;;;;;;;;;;;;;;
16112021,,22 %,24 %,17 %,12 %,5 %,10 %,–,–,10 %,,,2510,09.11.–15.11.;;;;;;;;;;;;;;;
09112021,,22 %,25 %,16 %,14 %,5 %,9 %,–,–,9 %,,,2502,02.11.–08.11.;;;;;;;;;;;;;;;
02112021,,21 %,25 %,16 %,15 %,5 %,9 %,–,–,9 %,,,2501,26.10.–01.11.;;;;;;;;;;;;;;;
26102021,,20 %,25 %,17 %,16 %,5 %,9 %,–,–,8 %,,,2510,19.10.–25.10.;;;;;;;;;;;;;;;
19102021,,20 %,26 %,16 %,15 %,5 %,9 %,–,–,9 %,,,2502,12.10.–18.10.;;;;;;;;;;;;;;;
12102021,,20 %,26 %,16 %,14 %,5 %,9 %,–,–,10 %,,,2503,05.10.–11.10.;;;;;;;;;;;;;;;
05102021,,20 %,26 %,16 %,14 %,5 %,9 %,–,–,10 %,,,3004,27.09.–04.10.;;;;;;;;;;;;;;;
"26092021,,""24,1 %"",""25,7 %"",""14,8 %"",""11,5 %"",""4,9 %"",""10,3 %"",""2,4 %"",–,""6,3 %"",,""23,4 %"",Bundestagswahl,Bundestagswahl";;;;;;;;;;;;;;;
24092021,,22 %,25 %,17 %,12 %,6 %,10 %,3 %,–,5 %,,26 %,2002,20.09.–23.09.;;;;;;;;;;;;;;;
21092021,,22 %,25 %,17 %,11 %,6 %,11 %,3 %,–,5 %,,25 %,2502,14.09.–20.09.;;;;;;;;;;;;;;;
14092021,,21 %,25 %,17 %,11 %,6 %,11 %,3 %,–,6 %,,25 %,2501,07.09.–13.09.;;;;;;;;;;;;;;;
07092021,,19 %,25 %,17 %,13 %,6 %,11 %,–,–,9 %,,22 %,2505,31.08.–06.09.;;;;;;;;;;;;;;;
31082021,,21 %,23 %,18 %,12 %,6 %,11 %,–,–,9 %,,24 %,2508,24.08.–30.08.;;;;;;;;;;;;;;;
24082021,,22 %,23 %,18 %,12 %,6 %,10 %,–,–,9 %,,26 %,2504,17.08.–23.08.;;;;;;;;;;;;;;;
18082021,,23 %,21 %,19 %,12 %,6 %,10 %,–,–,9 %,,26 %,2501,10.08.–16.08.;;;;;;;;;;;;;;;
11082021,,23 %,19 %,20 %,12 %,7 %,10 %,–,–,9 %,,26 %,2509,03.08.–09.08.;;;;;;;;;;;;;;;
03082021,,26 %,16 %,20 %,13 %,6 %,10 %,–,–,9 %,,25 %,2502,27.07.–02.08.;;;;;;;;;;;;;;;
28072021,,26 %,15 %,21 %,13 %,7 %,10 %,–,–,8 %,,25 %,2501,20.07.–26.07.;;;;;;;;;;;;;;;
21072021,,28 %,16 %,19 %,12 %,7 %,10 %,–,–,8 %,,22 %,2503,13.07.–19.07.;;;;;;;;;;;;;;;
14072021,,30 %,15 %,19 %,12 %,7 %,9 %,–,–,8 %,,22 %,2502,06.07.–12.07.;;;;;;;;;;;;;;;
07072021,,30 %,15 %,19 %,11 %,7 %,10 %,–,–,8 %,,22 %,2505,29.06.–05.07.;;;;;;;;;;;;;;;
30062021,,30 %,14 %,20 %,12 %,7 %,9 %,–,–,8 %,,22 %,2501,22.06.–28.06.;;;;;;;;;;;;;;;
23062021,,29 %,15 %,21 %,13 %,6 %,9 %,–,–,7 %,,24 %,2502,15.06.–21.06.;;;;;;;;;;;;;;;
16062021,,28 %,14 %,21 %,14 %,7 %,9 %,–,–,7 %,,24 %,2501,08.06.–14.06.;;;;;;;;;;;;;;;
09062021,,27 %,14 %,22 %,14 %,6 %,9 %,–,–,8 %,,24 %,2501,01.06.–07.06.;;;;;;;;;;;;;;;
02062021,,25 %,14 %,24 %,14 %,6 %,9 %,–,–,8 %,,26 %,2500,25.05.–31.05.;;;;;;;;;;;;;;;
26052021,,24 %,14 %,25 %,13 %,6 %,10 %,–,–,8 %,,24 %,2004,18.05.–21.05.;;;;;;;;;;;;;;;
19052021,,24 %,15 %,26 %,11 %,6 %,10 %,–,–,8 %,,24 %,2001,11.05.–17.05.;;;;;;;;;;;;;;;
12052021,,24 %,15 %,27 %,11 %,6 %,10 %,–,–,7 %,,24 %,2501,04.05.–10.05.;;;;;;;;;;;;;;;
12052021,,24 %,15 %,27 %,11 %,6 %,10 %,–,–,7 %,,24 %,2501,04.05.–10.05.;;;;;;;;;;;;;;;
05052021,,23 %,14 %,28 %,12 %,6 %,10 %,–,–,7 %,,26 %,2508,27.04.–03.05.;;;;;;;;;;;;;;;
28042021,,22 %,13 %,28 %,12 %,7 %,11 %,–,–,7 %,,25 %,2507,20.04.–26.04.;;;;;;;;;;;;;;;
20042021,,21 %,13 %,28 %,12 %,7 %,11 %,–,–,8 %,,25 %,1502,2004;;;;;;;;;;;;;;;
20042021,,28 %,15 %,23 %,10 %,6 %,11 %,–,–,7 %,,23 %,2003,13.04.–16.04.;;;;;;;;;;;;;;;
14042021,,27 %,15 %,23 %,9 %,8 %,11 %,–,–,7 %,,23 %,2500,06.04.–12.04.;;;;;;;;;;;;;;;
07042021,,27 %,15 %,23 %,10 %,7 %,10 %,–,–,8 %,,21 %,1501,30.03.–01.04.;;;;;;;;;;;;;;;
31032021,,27 %,15 %,23 %,10 %,7 %,11 %,–,–,7 %,,22 %,2503,23.03.–29.03.;;;;;;;;;;;;;;;
24032021,,26 %,16 %,22 %,10 %,8 %,10 %,–,–,8 %,,21 %,2511,16.03.–22.03.;;;;;;;;;;;;;;;
17032021,,29 %,16 %,21 %,8 %,8 %,10 %,–,–,8 %,,22 %,2501,09.03.–15.03.;;;;;;;;;;;;;;;
10032021,,33 %,16 %,18 %,8 %,8 %,10 %,–,–,7 %,,22 %,2510,02.03.–08.03.;;;;;;;;;;;;;;;
02032021,,34 %,16 %,19 %,7 %,8 %,9 %,–,–,7 %,,24 %,2501,25.02.–01.03.;;;;;;;;;;;;;;;
23022021,,35 %,16 %,19 %,8 %,7 %,8 %,–,–,7 %,,23 %,2505,16.02.–22.02.;;;;;;;;;;;;;;;
16022021,,35 %,16 %,19 %,7 %,8 %,8 %,–,–,7 %,,21 %,2502,09.02.–15.02.;;;;;;;;;;;;;;;
09022021,,37 %,15 %,19 %,7 %,7 %,8 %,–,–,7 %,,21 %,2501,02.02.–08.02.;;;;;;;;;;;;;;;
02022021,,37 %,15 %,19 %,6 %,8 %,8 %,–,–,7 %,,23 %,2503,26.01.–01.02.;;;;;;;;;;;;;;;
26012021,,37 %,15 %,18 %,7 %,7 %,9 %,–,–,7 %,,23 %,3005,18.01.–25.01.;;;;;;;;;;;;;;;
18012021,,35 %,15 %,19 %,7 %,8 %,9 %,–,–,7 %,,24 %,2014,16.01.–17.01.;;;;;;;;;;;;;;;
18012021,,35 %,15 %,20 %,6 %,8 %,9 %,–,–,7 %,,24 %,2504,11.01.–15.01.;;;;;;;;;;;;;;;
09012021,,36 %,14 %,20 %,7 %,8 %,8 %,–,–,7 %,,21 %,2503,04.01.–08.01.;;;;;;;;;;;;;;;
26122020,,36 %,15 %,18 %,6 %,9 %,9 %,–,–,7 %,,,1501,21.12.–23.12.;;;;;;;;;;;;;;;
19122020,,37 %,15 %,19 %,6 %,8 %,8 %,–,–,7 %,,23 %,2505,14.12.–18.12.;;;;;;;;;;;;;;;
12122020,,37 %,15 %,20 %,5 %,8 %,8 %,–,–,7 %,,23 %,2503,07.12.–11.12.;;;;;;;;;;;;;;;
05122020,,36 %,15 %,20 %,6 %,8 %,8 %,–,–,7 %,,21 %,2507,30.11.–04.12.;;;;;;;;;;;;;;;
28112020,,37 %,15 %,21 %,6 %,8 %,7 %,–,–,6 %,,23 %,2500,23.11.–27.11.;;;;;;;;;;;;;;;
21112020,,36 %,16 %,19 %,6 %,7 %,9 %,–,–,7 %,,23 %,2505,16.11.–19.11.;;;;;;;;;;;;;;;
14112020,,36 %,15 %,19 %,5 %,8 %,10 %,–,–,7 %,,22 %,2502,09.11.–13.11.;;;;;;;;;;;;;;;
07112020,,36 %,15 %,18 %,6 %,8 %,10 %,–,–,7 %,,22 %,2502,02.11.–06.11.;;;;;;;;;;;;;;;
31102020,,35 %,16 %,19 %,6 %,8 %,10 %,–,–,6 %,,22 %,2503,26.10.–30.10.;;;;;;;;;;;;;;;
24102020,,36 %,15 %,20 %,6 %,7 %,9 %,–,–,7 %,,22 %,2503,19.10.–23.10.;;;;;;;;;;;;;;;
17102020,,36 %,15 %,20 %,6 %,7 %,9 %,–,–,7 %,,23 %,2501,12.10.–16.10.;;;;;;;;;;;;;;;
10102020,,36 %,15 %,20 %,5 %,8 %,9 %,–,–,7 %,,21 %,2504,05.10.–09.10.;;;;;;;;;;;;;;;
03102020,,36 %,15 %,20 %,6 %,7 %,9 %,–,–,7 %,,22 %,2502,29.09.–02.10.;;;;;;;;;;;;;;;
26092020,,35 %,15 %,21 %,6 %,8 %,9 %,–,–,6 %,,23 %,2504,21.09.–25.09.;;;;;;;;;;;;;;;
19092020,,36 %,14 %,22 %,5 %,8 %,8 %,–,–,7 %,,22 %,2501,14.09.–18.09.;;;;;;;;;;;;;;;
12092020,,36 %,16 %,18 %,5 %,9 %,9 %,–,–,7 %,,23 %,2501,07.09.–11.09.;;;;;;;;;;;;;;;
05092020,,36 %,16 %,18 %,5 %,9 %,9 %,–,–,7 %,,22 %,2503,31.08.–04.09.;;;;;;;;;;;;;;;
29082020,,36 %,16 %,19 %,5 %,7 %,9 %,–,–,8 %,,23 %,2502,24.08.–28.08.;;;;;;;;;;;;;;;
22082020,,36 %,16 %,19 %,5 %,7 %,9 %,–,–,8 %,,23 %,2504,17.08.–21.08.;;;;;;;;;;;;;;;
15082020,,36 %,16 %,20 %,6 %,6 %,9 %,–,–,7 %,,22 %,2501,10.08.–14.08.;;;;;;;;;;;;;;;
08082020,,38 %,14 %,18 %,6 %,8 %,8 %,–,–,8 %,,22 %,2502,03.08.–07.08.;;;;;;;;;;;;;;;
01082020,,38 %,14 %,18 %,6 %,8 %,8 %,–,–,8 %,,22 %,2504,27.07.–31.07.;;;;;;;;;;;;;;;
25072020,,38 %,14 %,18 %,6 %,8 %,9 %,–,–,7 %,,23 %,2504,20.07.–24.07.;;;;;;;;;;;;;;;
18072020,,38 %,14 %,18 %,6 %,8 %,9 %,–,–,7 %,,23 %,2501,13.07.–16.07.;;;;;;;;;;;;;;;
11072020,,38 %,14 %,18 %,6 %,7 %,10 %,–,–,7 %,,24 %,2500,06.07.–10.07.;;;;;;;;;;;;;;;
04072020,,38 %,14 %,18 %,5 %,8 %,10 %,–,–,7 %,,27 %,2503,29.06.–03.07.;;;;;;;;;;;;;;;
27062020,,38 %,14 %,17 %,6 %,8 %,10 %,–,–,7 %,,27 %,2501,22.06.–26.06.;;;;;;;;;;;;;;;
20062020,,39 %,14 %,18 %,5 %,8 %,9 %,–,–,7 %,,25 %,2501,15.06.–19.06.;;;;;;;;;;;;;;;
13062020,,40 %,14 %,17 %,6 %,8 %,8 %,–,–,7 %,,26 %,2504,08.06.–13.06.;;;;;;;;;;;;;;;
06062020,,40 %,16 %,15 %,6 %,8 %,8 %,–,–,7 %,,27 %,2002,02.06.–05.06.;;;;;;;;;;;;;;;
30052020,,40 %,15 %,16 %,5 %,8 %,9 %,–,–,7 %,,26 %,2500,25.05.–29.05.;;;;;;;;;;;;;;;
23052020,,40 %,15 %,16 %,5 %,8 %,9 %,–,–,7 %,,26 %,2002,18.05.–22.05.;;;;;;;;;;;;;;;
16052020,,39 %,15 %,16 %,6 %,8 %,9 %,–,–,7 %,,25 %,2509,11.05.–15.05.;;;;;;;;;;;;;;;
09052020,,40 %,15 %,15 %,6 %,7 %,10 %,–,–,7 %,,27 %,2503,04.05.–08.05.;;;;;;;;;;;;;;;
02052020,,38 %,17 %,14 %,6 %,8 %,10 %,–,–,7 %,,26 %,2004,27.04.–30.04.;;;;;;;;;;;;;;;
25042020,,39 %,16 %,15 %,6 %,8 %,9 %,–,–,7 %,,24 %,2505,20.04.–24.04.;;;;;;;;;;;;;;;
18042020,,39 %,16 %,15 %,5 %,8 %,10 %,–,–,7 %,,25 %,2002,14.04.–17.04.;;;;;;;;;;;;;;;
11042020,,37 %,17 %,16 %,5 %,8 %,10 %,–,–,7 %,,,2001,06.04.–09.04.;;;;;;;;;;;;;;;
04042020,,37 %,17 %,16 %,6 %,8 %,9 %,–,–,7 %,,25 %,2506,30.03.–03.04.;;;;;;;;;;;;;;;
28032020,,36 %,16 %,17 %,6 %,8 %,9 %,–,–,8 %,,25 %,2511,23.03.–27.03.;;;;;;;;;;;;;;;
26032020,,36 %,16 %,17 %,6 %,8 %,9 %,–,–,8 %,,24 %,1502,23.03.–25.03.;;;;;;;;;;;;;;;
21032020,,32 %,15 %,20 %,7 %,9 %,9 %,–,–,8 %,,24 %,2504,16.03.–20.03.;;;;;;;;;;;;;;;
14032020,,29 %,14 %,22 %,6 %,10 %,11 %,–,–,8 %,,22 %,2503,09.03.–13.03.;;;;;;;;;;;;;;;
07032020,,26 %,15 %,24 %,6 %,10 %,11 %,–,–,8 %,,27 %,2503,02.03.–06.03.;;;;;;;;;;;;;;;
29022020,,27 %,16 %,24 %,5 %,10 %,10 %,–,–,8 %,,25 %,2505,24.02.–28.02.;;;;;;;;;;;;;;;
22022020,,27 %,14 %,24 %,7 %,10 %,10 %,–,–,8 %,,,2504,17.02.–21.02.;;;;;;;;;;;;;;;
15022020,,27 %,14 %,24 %,6 %,10 %,11 %,–,–,8 %,,20 %,2502,10.02.–14.02.;;;;;;;;;;;;;;;
08022020,,28 %,14 %,23 %,8 %,9 %,10 %,–,–,8 %,,,2503,03.02.–07.02.;;;;;;;;;;;;;;;
01022020,,28 %,12 %,23 %,9 %,9 %,11 %,–,–,8 %,,24 %,2504,27.01.–31.01.;;;;;;;;;;;;;;;
25012020,,28 %,12 %,23 %,9 %,9 %,12 %,–,–,7 %,,,2507,20.01.–24.01.;;;;;;;;;;;;;;;
18012020,,28 %,13 %,22 %,8 %,9 %,13 %,–,–,7 %,,22 %,2504,13.01.–17.01.;;;;;;;;;;;;;;;
11012020,,28 %,12 %,22 %,9 %,8 %,13 %,–,–,8 %,,23 %,2503,06.01.–10.01.;;;;;;;;;;;;;;;
21122019,,28 %,13 %,22 %,8 %,8 %,13 %,–,–,8 %,,23 %,2501,16.12.–20.12.;;;;;;;;;;;;;;;
14122019,,28 %,12 %,22 %,8 %,9 %,13 %,–,–,8 %,,22 %,2502,09.12.–13.12.;;;;;;;;;;;;;;;
07122019,,28 %,11 %,22 %,9 %,8 %,14 %,–,–,8 %,,24 %,2502,02.12.–06.12.;;;;;;;;;;;;;;;
30112019,,27 %,14 %,22 %,8 %,8 %,13 %,–,–,8 %,,23 %,2500,25.11.–29.11.;;;;;;;;;;;;;;;
23112019,,26 %,14 %,21 %,9 %,9 %,13 %,–,–,8 %,,22 %,2501,18.11.–22.11.;;;;;;;;;;;;;;;
16112019,,26 %,15 %,19 %,9 %,10 %,13 %,–,–,8 %,,23 %,2501,11.11.–15.11.;;;;;;;;;;;;;;;
09112019,,26 %,13 %,21 %,9 %,10 %,13 %,–,–,8 %,,24 %,2501,04.11.–08.11.;;;;;;;;;;;;;;;
02112019,,28 %,13 %,20 %,8 %,10 %,13 %,–,–,8 %,,25 %,2502,28.10.–01.11.;;;;;;;;;;;;;;;
26102019,,29 %,14 %,20 %,8 %,8 %,13 %,–,–,8 %,,22 %,2501,21.10.–25.10.;;;;;;;;;;;;;;;
19102019,,27 %,14 %,22 %,8 %,8 %,13 %,–,–,8 %,,22 %,2501,14.10.–18.10.;;;;;;;;;;;;;;;
12102019,,27 %,14 %,23 %,8 %,8 %,12 %,–,–,8 %,,22 %,2500,07.10.–11.10.;;;;;;;;;;;;;;;
05102019,,28 %,14 %,22 %,8 %,7 %,13 %,–,–,8 %,,22 %,2505,30.09.–04.10.;;;;;;;;;;;;;;;
28092019,,27 %,13 %,23 %,9 %,7 %,13 %,–,–,8 %,,20 %,2505,23.09.–27.09.;;;;;;;;;;;;;;;
21092019,,27 %,15 %,22 %,8 %,7 %,13 %,–,–,8 %,,21 %,2500,16.09.–20.09.;;;;;;;;;;;;;;;
14092019,,27 %,15 %,22 %,8 %,7 %,14 %,–,–,7 %,,21 %,2503,09.09.–13.09.;;;;;;;;;;;;;;;
07092019,,27 %,15 %,23 %,8 %,6 %,13 %,–,–,8 %,,20 %,2503,02.09.–06.09.;;;;;;;;;;;;;;;
31082019,,27 %,15 %,23 %,9 %,7 %,12 %,–,–,7 %,,19 %,2501,26.08.–30.08.;;;;;;;;;;;;;;;
24082019,,26 %,14 %,23 %,9 %,8 %,13 %,–,–,7 %,,21 %,2504,19.08.–23.08.;;;;;;;;;;;;;;;
17082019,,25 %,13 %,24 %,9 %,8 %,13 %,–,–,8 %,,23 %,2501,12.08.–16.08.;;;;;;;;;;;;;;;
10082019,,26 %,12 %,25 %,8 %,8 %,13 %,–,–,8 %,,22 %,2503,05.08.–09.08.;;;;;;;;;;;;;;;
03082019,,27 %,13 %,23 %,9 %,8 %,13 %,–,–,7 %,,22 %,2501,29.07.–02.08.;;;;;;;;;;;;;;;
27072019,,27 %,13 %,24 %,9 %,7 %,13 %,–,–,7 %,,20 %,2502,22.07.–26.07.;;;;;;;;;;;;;;;
20072019,,27 %,13 %,24 %,8 %,8 %,12 %,–,–,8 %,,20 %,2500,15.07.–19.07.;;;;;;;;;;;;;;;
13072019,,26 %,13 %,25 %,7 %,8 %,13 %,–,–,8 %,,19 %,2500,08.07.–12.07.;;;;;;;;;;;;;;;
06072019,,26 %,12 %,26 %,8 %,8 %,12 %,–,–,8 %,,19 %,2501,01.07.–05.07.;;;;;;;;;;;;;;;
29062019,,26 %,12 %,26 %,8 %,8 %,12 %,–,–,8 %,,19 %,2501,24.06.–28.06.;;;;;;;;;;;;;;;
22062019,,24 %,12 %,27 %,8 %,8 %,13 %,–,–,8 %,,18 %,2500,17.06.–21.06.;;;;;;;;;;;;;;;
15062019,,24 %,11 %,27 %,9 %,8 %,13 %,–,–,8 %,,18 %,2001,11.06.–14.06.;;;;;;;;;;;;;;;
08062019,,24 %,12 %,27 %,8 %,8 %,12 %,–,–,9 %,,18 %,2501,03.06.–07.06.;;;;;;;;;;;;;;;
01062019,,26 %,12 %,27 %,8 %,7 %,11 %,–,–,9 %,,17 %,2001,27.05.–31.05.;;;;;;;;;;;;;;;
27052019,,28 %,17 %,18 %,8 %,8 %,13 %,–,–,8 %,,24 %,2500,20.05.–24.05.;;;;;;;;;;;;;;;
20052019,,29 %,16 %,19 %,8 %,9 %,13 %,–,–,6 %,,22 %,2503,13.05.–17.05.;;;;;;;;;;;;;;;
13052019,,30 %,15 %,20 %,8 %,8 %,13 %,–,–,6 %,,23 %,2502,06.05.–10.05.;;;;;;;;;;;;;;;
06052019,,29 %,15 %,20 %,8 %,9 %,13 %,–,–,6 %,,23 %,2002,29.04.–03.05.;;;;;;;;;;;;;;;
29042019,,27 %,17 %,20 %,8 %,9 %,13 %,–,–,6 %,,23 %,2009,18.04.–24.04.;;;;;;;;;;;;;;;
22042019,,28 %,17 %,19 %,9 %,8 %,13 %,–,–,6 %,,23 %,2004,15.04.–18.04.;;;;;;;;;;;;;;;
13042019,,29 %,16 %,19 %,10 %,8 %,12 %,–,–,6 %,,24 %,2501,08.04.–12.04.;;;;;;;;;;;;;;;
06042019,,29 %,16 %,20 %,10 %,8 %,12 %,–,–,5 %,,26 %,2501,01.04.–05.04.;;;;;;;;;;;;;;;
30032019,,28 %,16 %,20 %,10 %,8 %,12 %,–,–,6 %,,27 %,2504,25.03.–29.03.;;;;;;;;;;;;;;;
23032019,,30 %,16 %,20 %,9 %,8 %,11 %,–,–,6 %,,25 %,2501,18.03.–22.03.;;;;;;;;;;;;;;;
16032019,,31 %,15 %,19 %,10 %,7 %,12 %,–,–,6 %,,24 %,2505,11.03.–15.03.;;;;;;;;;;;;;;;
09032019,,31 %,15 %,19 %,9 %,8 %,12 %,–,–,6 %,,24 %,2501,04.03.–08.03.;;;;;;;;;;;;;;;
04032019,,30 %,16 %,20 %,9 %,8 %,11 %,–,–,6 %,,,2502,25.02.–01.03.;;;;;;;;;;;;;;;
23022019,,30 %,16 %,20 %,9 %,7 %,12 %,–,–,6 %,,26 %,2501,18.02.–22.02.;;;;;;;;;;;;;;;
16022019,,29 %,17 %,21 %,10 %,6 %,12 %,–,–,5 %,,25 %,2501,11.02.–15.02.;;;;;;;;;;;;;;;
09022019,,31 %,15 %,19 %,10 %,8 %,12 %,–,–,5 %,,24 %,2500,04.02.–08.02.;;;;;;;;;;;;;;;
02022019,,32 %,15 %,19 %,9 %,8 %,12 %,–,–,5 %,,25 %,2501,28.01.–01.02.;;;;;;;;;;;;;;;
26012019,,32 %,14 %,20 %,9 %,9 %,11 %,–,–,5 %,,24 %,2501,21.01.–25.01.;;;;;;;;;;;;;;;
19012019,,32 %,15 %,19 %,9 %,8 %,12 %,–,–,5 %,,24 %,2503,14.01.–18.01.;;;;;;;;;;;;;;;
12012019,,32 %,15 %,19 %,9 %,8 %,12 %,–,–,5 %,,25 %,2504,07.01.–11.01.;;;;;;;;;;;;;;;
05012019,,32 %,15 %,19 %,8 %,9 %,12 %,–,–,5 %,,24 %,1503,02.01.–04.01.;;;;;;;;;;;;;;;
22122018,,31 %,14 %,20 %,8 %,8 %,13 %,–,–,6 %,,24 %,2504,17.12.–21.12.;;;;;;;;;;;;;;;
15122018,,32 %,15 %,19 %,8 %,8 %,12 %,–,–,6 %,,24 %,2507,10.12.–14.12.;;;;;;;;;;;;;;;
10122018,,32 %,14 %,19 %,8 %,8 %,13 %,–,–,6 %,,22 %,1506,07.12.–09.12.;;;;;;;;;;;;;;;
07122018,,29 %,14 %,22 %,8 %,8 %,13 %,–,–,6 %,,,2006,03.12.–06.12.;;;;;;;;;;;;;;;
01122018,,27 %,14 %,22 %,9 %,8 %,14 %,–,–,6 %,,24 %,2505,26.11.–30.11.;;;;;;;;;;;;;;;
24112018,,27 %,14 %,23 %,9 %,8 %,14 %,–,–,5 %,,21 %,2507,19.11.–23.11.;;;;;;;;;;;;;;;
17112018,,28 %,14 %,23 %,9 %,9 %,12 %,–,–,5 %,,24 %,2503,12.11.–16.11.;;;;;;;;;;;;;;;
11112018,,27 %,14 %,23 %,9 %,9 %,13 %,–,–,5 %,,23 %,2504,05.11.–09.11.;;;;;;;;;;;;;;;
03112018,,27 %,13 %,24 %,9 %,9 %,13 %,–,–,5 %,,24 %,2502,29.10.–02.11.;;;;;;;;;;;;;;;
27102018,,26 %,14 %,21 %,9 %,10 %,14 %,–,–,6 %,,,2509,22.10.–26.10.;;;;;;;;;;;;;;;
20102018,,27 %,14 %,21 %,9 %,9 %,15 %,–,–,5 %,,26 %,2502,15.10.–19.10.;;;;;;;;;;;;;;;
13102018,,28 %,16 %,19 %,9 %,9 %,14 %,–,–,5 %,,29 %,2504,08.10.–12.10.;;;;;;;;;;;;;;;
06102018,,28 %,16 %,18 %,9 %,10 %,14 %,–,–,5 %,,29 %,2002,01.10.–05.10.;;;;;;;;;;;;;;;
29092018,,28 %,16 %,17 %,9 %,10 %,15 %,–,–,5 %,,31 %,2501,24.09.–28.09.;;;;;;;;;;;;;;;
22092018,,28 %,17 %,16 %,9 %,10 %,15 %,–,–,5 %,,31 %,2502,17.09.–21.09.;;;;;;;;;;;;;;;
15092018,,30 %,18 %,16 %,8 %,10 %,13 %,–,–,5 %,,25 %,2507,10.09.–14.09.;;;;;;;;;;;;;;;
08092018,,31 %,16 %,15 %,9 %,10 %,14 %,–,–,5 %,,27 %,2507,03.09.–07.09.;;;;;;;;;;;;;;;
01092018,,30 %,17 %,16 %,8 %,8 %,16 %,–,–,5 %,,26 %,2503,27.08.–31.08.;;;;;;;;;;;;;;;
25082018,,30 %,18 %,15 %,8 %,10 %,14 %,–,–,5 %,,26 %,2502,20.08.–24.08.;;;;;;;;;;;;;;;
18082018,,30 %,18 %,15 %,9 %,10 %,14 %,–,–,4 %,,26 %,2503,13.08.–17.08.;;;;;;;;;;;;;;;
11082018,,30 %,18 %,15 %,10 %,9 %,14 %,–,–,4 %,,26 %,2505,06.08.–10.08.;;;;;;;;;;;;;;;
04082018,,31 %,18 %,13 %,10 %,9 %,14 %,–,–,5 %,,26 %,2508,30.07.–03.08.;;;;;;;;;;;;;;;
28072018,,32 %,18 %,13 %,9 %,9 %,14 %,–,–,5 %,,25 %,2505,23.07.–27.07.;;;;;;;;;;;;;;;
21072018,,31 %,18 %,13 %,8 %,10 %,15 %,–,–,5 %,,25 %,2505,16.07.–20.07.;;;;;;;;;;;;;;;
14072018,,31 %,17 %,13 %,9 %,9 %,16 %,–,–,5 %,,24 %,2505,09.07.–13.07.;;;;;;;;;;;;;;;
07072018,,30 %,17 %,13 %,10 %,9 %,16 %,–,–,5 %,,24 %,2502,02.07.–06.07.;;;;;;;;;;;;;;;
30062018,,31 %,17 %,12 %,10 %,10 %,15 %,–,–,5 %,,24 %,2508,25.06.–29.06.;;;;;;;;;;;;;;;
24062018,,30 %,17 %,13 %,9 %,10 %,15 %,–,–,6 %,,24 %,2503,18.06.–22.06.;;;;;;;;;;;;;;;
16062018,,30 %,16 %,14 %,10 %,9 %,15 %,–,–,6 %,,26 %,1001,14.06.–15.06.;;;;;;;;;;;;;;;
16062018,,34 %,18 %,12 %,9 %,8 %,13 %,–,–,6 %,,23 %,1501,11.06.–13.06.;;;;;;;;;;;;;;;
09062018,,33 %,18 %,12 %,9 %,10 %,13 %,–,–,5 %,,23 %,2504,04.06.–08.06.;;;;;;;;;;;;;;;
02062018,,34 %,18 %,12 %,8 %,10 %,13 %,–,–,5 %,,25 %,2506,28.05.–01.06.;;;;;;;;;;;;;;;
27052018,,33 %,18 %,13 %,8 %,10 %,13 %,–,–,5 %,,24 %,2002,22.05.–25.05.;;;;;;;;;;;;;;;
19052018,,33 %,18 %,12 %,9 %,9 %,13 %,–,–,6 %,,23 %,2502,14.05.–18.05.;;;;;;;;;;;;;;;
12052018,,34 %,17 %,13 %,8 %,10 %,13 %,–,–,5 %,,23 %,2004,07.05.–11.05.;;;;;;;;;;;;;;;
05052018,,34 %,18 %,11 %,9 %,10 %,13 %,–,–,5 %,,21 %,2003,30.04.–04.05.;;;;;;;;;;;;;;;
28042018,,34 %,17 %,13 %,9 %,10 %,12 %,–,–,5 %,,22 %,2507,23.04.–27.04.;;;;;;;;;;;;;;;
23042018,,34 %,18 %,13 %,9 %,10 %,12 %,–,–,4 %,,22 %,2503,16.04.–20.04.;;;;;;;;;;;;;;;
14042018,,34 %,19 %,12 %,9 %,10 %,12 %,–,–,4 %,,23 %,2506,09.04.–13.04.;;;;;;;;;;;;;;;
07042018,,32 %,20 %,11 %,9 %,10 %,13 %,–,–,5 %,,23 %,2005,03.04.–06.04.;;;;;;;;;;;;;;;
31032018,,33 %,18 %,12 %,9 %,10 %,13 %,–,–,5 %,,23 %,2003,26.03.–29.03.;;;;;;;;;;;;;;;
24032018,,31 %,19 %,12 %,9 %,11 %,14 %,–,–,4 %,,23 %,2502,19.03.–23.03.;;;;;;;;;;;;;;;
17032018,,34 %,19 %,11 %,8 %,10 %,13 %,–,–,5 %,,25 %,2502,12.03.–16.03.;;;;;;;;;;;;;;;
11032018,,34 %,18 %,13 %,9 %,10 %,12 %,–,–,4 %,,24 %,2507,05.03.–09.03.;;;;;;;;;;;;;;;
05032018,,34 %,19 %,12 %,9 %,9 %,13 %,–,–,4 %,,26 %,1502,04.03.–05.03.;;;;;;;;;;;;;;;
03032018,,35 %,18 %,12 %,9 %,9 %,13 %,–,–,4 %,,25 %,2505,26.02.–02.03.;;;;;;;;;;;;;;;
24022018,,35 %,18 %,12 %,9 %,9 %,13 %,–,–,4 %,,25 %,2506,19.02.–23.02.;;;;;;;;;;;;;;;
17022018,,34 %,16 %,13 %,9 %,10 %,13 %,–,–,5 %,,24 %,2501,12.02.–16.02.;;;;;;;;;;;;;;;
09022018,,31 %,18 %,13 %,10 %,10 %,13 %,–,–,5 %,,–,1003,07.02.–08.02.;;;;;;;;;;;;;;;
05022018,,33 %,18 %,13 %,9 %,9 %,13 %,–,–,5 %,,24 %,2507,29.01.–02.02.;;;;;;;;;;;;;;;
29012018,,34 %,18 %,12 %,9 %,10 %,12 %,–,–,5 %,,25 %,2505,22.01.–26.01.;;;;;;;;;;;;;;;
22012018,,34 %,17 %,12 %,8 %,11 %,13 %,–,–,5 %,,–,1282,2201;;;;;;;;;;;;;;;
21012018,,34 %,18 %,12 %,8 %,10 %,12 %,–,–,6 %,,23 %,2501,15.01.–19.01.;;;;;;;;;;;;;;;
18012018,,34 %,18 %,12 %,8 %,10 %,12 %,–,–,6 %,,–,1504,15.01.–17.01.;;;;;;;;;;;;;;;
15012018,,33 %,20 %,12 %,9 %,9 %,11 %,–,–,6 %,,22 %,2501,08.01.–12.01.;;;;;;;;;;;;;;;
07012018,,34 %,20 %,12 %,9 %,9 %,10 %,–,–,6 %,,22 %,2003,02.01.–05.01.;;;;;;;;;;;;;;;
27122017,,34 %,19 %,12 %,8 %,10 %,12 %,–,–,5 %,,21 %,2504,18.12.–22.12.;;;;;;;;;;;;;;;
16122017,,33 %,20 %,12 %,8 %,10 %,12 %,–,–,5 %,,21 %,2501,11.12.–15.12.;;;;;;;;;;;;;;;
10122017,,34 %,20 %,12 %,8 %,9 %,11 %,–,–,6 %,,–,1566,09.12.–10.12.;;;;;;;;;;;;;;;
10122017,,34 %,20 %,12 %,8 %,9 %,11 %,–,–,6 %,,22 %,2500,04.12.–08.12.;;;;;;;;;;;;;;;
04122017,,34 %,20 %,13 %,8 %,9 %,10 %,–,–,6 %,,23 %,2502,27.11.–01.12.;;;;;;;;;;;;;;;
27112017,,33 %,19 %,12 %,10 %,9 %,11 %,–,–,6 %,,24 %,2508,20.11.–24.11.;;;;;;;;;;;;;;;
20112017,,31 %,21 %,12 %,10 %,9 %,12 %,–,–,5 %,,–,1789,2011;;;;;;;;;;;;;;;
20112017,,32 %,20 %,11 %,12 %,8 %,12 %,–,–,5 %,,21 %,2505,13.11.–17.11.;;;;;;;;;;;;;;;
13112017,,32 %,20 %,10 %,12 %,9 %,12 %,–,–,5 %,,21 %,2506,06.11.–10.11.;;;;;;;;;;;;;;;
06112017,,32 %,21 %,10 %,11 %,9 %,12 %,–,–,5 %,,22 %,2005,30.10.–03.11.;;;;;;;;;;;;;;;
01112017,,33 %,20 %,11 %,11 %,9 %,11 %,–,–,5 %,,23 %,2500,23.10.–27.10.;;;;;;;;;;;;;;;
25102017,,31 %,22 %,10 %,11 %,10 %,11 %,–,–,5 %,,25 %,2503,16.10.–20.10.;;;;;;;;;;;;;;;
18102017,,32 %,20 %,11 %,11 %,9 %,12 %,–,–,5 %,,25 %,2501,09.10.–13.10.;;;;;;;;;;;;;;;
11102017,,32 %,20 %,11 %,11 %,9 %,12 %,–,–,5 %,,24 %,2001,02.10.–06.10.;;;;;;;;;;;;;;;
04102017,,32 %,20 %,10 %,11 %,10 %,12 %,–,–,5 %,,25 %,2005,25.09.–29.09.;;;;;;;;;;;;;;;
"24092017,,""32,9 %"",""20,5 %"",""8,9 %"",""10,7 %"",""9,2 %"",""12,6 %"",""1,0 %"",–,""4,0 %"",,""23,8 %"",Bundestagswahl,Bundestagswahl";;;;;;;;;;;;;;;
"22092017,,36 %,22 %,7 %,""9,5 %"",""9,5 %"",11 %,–,–,5 %,,–,2006,18.09.–21.09.";;;;;;;;;;;;;;;
19092017,,36 %,23 %,8 %,9 %,10 %,9 %,–,–,5 %,,–,2501,11.09.–15.09.;;;;;;;;;;;;;;;
13092017,,37 %,23 %,8 %,8 %,10 %,9 %,–,–,5 %,,26 %,2505,04.09.–08.09.;;;;;;;;;;;;;;;
08092017,,37 %,23 %,8 %,9 %,10 %,9 %,–,–,4 %,,–,2001,04.09.–07.09.;;;;;;;;;;;;;;;
06092017,,38 %,23 %,8 %,8 %,9 %,9 %,–,–,5 %,,28 %,2503,28.08.–01.09.;;;;;;;;;;;;;;;
30082017,,38 %,24 %,7 %,8 %,9 %,9 %,–,–,5 %,,26 %,2501,21.08.–25.08.;;;;;;;;;;;;;;;
23082017,,38 %,24 %,7 %,8 %,9 %,9 %,–,–,5 %,,24 %,2501,14.08.–18.08.;;;;;;;;;;;;;;;
16082017,,39 %,23 %,8 %,8 %,9 %,8 %,–,–,5 %,,26 %,2507,07.08.–11.08.;;;;;;;;;;;;;;;
09082017,,40 %,23 %,8 %,7 %,8 %,8 %,–,–,6 %,,24 %,2503,31.07.–04.08.;;;;;;;;;;;;;;;
02082017,,40 %,22 %,8 %,8 %,8 %,8 %,–,–,6 %,,23 %,2501,24.07.–28.07.;;;;;;;;;;;;;;;
26072017,,40 %,22 %,8 %,8 %,9 %,7 %,–,–,6 %,,23 %,2507,17.07.–21.07.;;;;;;;;;;;;;;;
19072017,,40 %,22 %,8 %,8 %,9 %,7 %,–,–,6 %,,23 %,2502,10.07.–14.07.;;;;;;;;;;;;;;;
11072017,,39 %,22 %,8 %,8 %,9 %,8 %,–,–,6 %,,22 %,2501,03.07.–07.07.;;;;;;;;;;;;;;;
05072017,,39 %,23 %,8 %,8 %,9 %,7 %,–,–,6 %,,21 %,2503,26.06.–30.06.;;;;;;;;;;;;;;;
29062017,,40 %,23 %,9 %,8 %,9 %,7 %,–,–,4 %,,–,1507,26.06.–28.06.;;;;;;;;;;;;;;;
28062017,,40 %,23 %,9 %,7 %,9 %,7 %,–,–,5 %,,22 %,2502,19.06.–23.06.;;;;;;;;;;;;;;;
21062017,,39 %,23 %,8 %,8 %,10 %,7 %,–,–,5 %,,23 %,2505,12.06.–16.06.;;;;;;;;;;;;;;;
13062017,,38 %,24 %,8 %,9 %,8 %,7 %,–,–,6 %,,21 %,2004,06.06.–09.06.;;;;;;;;;;;;;;;
07062017,,39 %,24 %,8 %,8 %,8 %,7 %,–,–,6 %,,20 %,2501,29.05.–02.06.;;;;;;;;;;;;;;;
31052017,,38 %,25 %,7 %,9 %,8 %,7 %,–,–,6 %,,20 %,2001,22.05.–26.05.;;;;;;;;;;;;;;;
23052017,,39 %,25 %,7 %,9 %,8 %,7 %,–,–,5 %,,22 %,2502,15.05.–19.05.;;;;;;;;;;;;;;;
17052017,,38 %,26 %,7 %,8 %,8 %,7 %,–,–,6 %,,24 %,2506,08.05.–12.05.;;;;;;;;;;;;;;;
10052017,,36 %,29 %,7 %,7 %,8 %,7 %,–,–,6 %,,23 %,2004,02.05.–05.05.;;;;;;;;;;;;;;;
03052017,,36 %,28 %,8 %,7 %,8 %,8 %,–,–,5 %,,23 %,2502,24.04.–28.04.;;;;;;;;;;;;;;;
26042017,,36 %,30 %,7 %,6 %,8 %,9 %,–,–,4 %,,24 %,2002,18.04.–21.04.;;;;;;;;;;;;;;;
19042017,,36 %,30 %,6 %,6 %,9 %,8 %,–,–,5 %,,25 %,2007,10.04.–13.04.;;;;;;;;;;;;;;;
11042017,,36 %,30 %,7 %,6 %,8 %,8 %,–,–,5 %,,23 %,2502,03.04.–07.04.;;;;;;;;;;;;;;;
04042017,,36 %,29 %,7 %,5 %,9 %,8 %,–,–,6 %,,24 %,2504,27.03.–31.03.;;;;;;;;;;;;;;;
29032017,,34 %,32 %,7 %,6 %,8 %,7 %,–,–,6 %,,23 %,2501,20.03.–24.03.;;;;;;;;;;;;;;;
22032017,,34 %,31 %,7 %,6 %,7 %,9 %,–,–,6 %,,23 %,2504,13.03.–17.03.;;;;;;;;;;;;;;;
15032017,,33 %,32 %,7 %,6 %,7 %,9 %,–,–,6 %,,24 %,2505,06.03.–10.03.;;;;;;;;;;;;;;;
08032017,,33 %,32 %,8 %,6 %,7 %,8 %,–,–,6 %,,23 %,2502,27.02.–03.03.;;;;;;;;;;;;;;;
01032017,,33 %,31 %,8 %,7 %,7 %,9 %,–,–,5 %,,23 %,2500,20.02.–24.02.;;;;;;;;;;;;;;;
22022017,,34 %,31 %,7 %,6 %,8 %,8 %,–,–,6 %,,23 %,2502,13.02.–17.02.;;;;;;;;;;;;;;;
15022017,,34 %,31 %,7 %,5 %,8 %,9 %,–,–,6 %,,24 %,2502,05.02.–10.02.;;;;;;;;;;;;;;;
08022017,,34 %,31 %,8 %,5 %,8 %,10 %,–,–,4 %,,24 %,2501,30.01.–03.02.;;;;;;;;;;;;;;;
01022017,,35 %,26 %,8 %,6 %,9 %,11 %,–,–,5 %,,24 %,2502,23.01.–27.01.;;;;;;;;;;;;;;;
25012017,,37 %,21 %,10 %,6 %,9 %,12 %,–,–,5 %,,26 %,2504,16.01.–20.01.;;;;;;;;;;;;;;;
18012017,,38 %,21 %,9 %,6 %,9 %,11 %,–,–,6 %,,26 %,2503,09.01.–13.01.;;;;;;;;;;;;;;;
11012017,,37 %,20 %,10 %,6 %,9 %,12 %,–,–,6 %,,27 %,2501,02.01.–06.01.;;;;;;;;;;;;;;;
04012017,,37 %,21 %,10 %,6 %,9 %,12 %,–,–,5 %,,30 %,2001,27.12.–30.12.;;;;;;;;;;;;;;;
28122016,,38 %,20 %,10 %,5 %,9 %,12 %,–,–,6 %,,27 %,2504,19.12.–23.12.;;;;;;;;;;;;;;;
20122016,,36 %,22 %,10 %,6 %,9 %,11 %,–,–,6 %,,26 %,2502,12.12.–16.12.;;;;;;;;;;;;;;;
14122016,,37 %,21 %,10 %,6 %,9 %,11 %,–,–,6 %,,26 %,2506,05.12.–09.12.;;;;;;;;;;;;;;;
07122016,,36 %,22 %,11 %,6 %,10 %,10 %,–,–,5 %,,25 %,2501,28.11.–02.12.;;;;;;;;;;;;;;;
30112016,,37 %,22 %,10 %,5 %,9 %,11 %,–,–,6 %,,26 %,2503,21.11.–25.11.;;;;;;;;;;;;;;;
23112016,,36 %,23 %,10 %,5 %,10 %,10 %,–,–,6 %,,25 %,2505,14.11.–18.11.;;;;;;;;;;;;;;;
16112016,,35 %,23 %,11 %,6 %,10 %,10 %,–,–,5 %,,26 %,2503,07.11.–11.11.;;;;;;;;;;;;;;;
09112016,,34 %,23 %,11 %,6 %,10 %,11 %,–,–,5 %,,26 %,2503,31.10.–04.11.;;;;;;;;;;;;;;;
02112016,,34 %,22 %,11 %,7 %,10 %,11 %,–,–,5 %,,26 %,2503,24.10.–28.10.;;;;;;;;;;;;;;;
26102016,,35 %,22 %,11 %,6 %,9 %,12 %,–,–,5 %,,29 %,2504,17.10.–21.10.;;;;;;;;;;;;;;;
19102016,,34 %,22 %,11 %,6 %,9 %,12 %,–,–,6 %,,31 %,2505,10.10.–14.10.;;;;;;;;;;;;;;;
12102016,,34 %,22 %,11 %,6 %,10 %,12 %,–,–,5 %,,28 %,2004,04.10.–07.10.;;;;;;;;;;;;;;;
05102016,,33 %,22 %,11 %,6 %,10 %,13 %,–,–,5 %,,28 %,2503,26.09.–30.09.;;;;;;;;;;;;;;;
28092016,,33 %,23 %,10 %,6 %,9 %,14 %,–,–,5 %,,25 %,2506,19.09.–23.09.;;;;;;;;;;;;;;;
21092016,,33 %,23 %,11 %,6 %,8 %,13 %,–,–,6 %,,26 %,2504,12.09.–16.09.;;;;;;;;;;;;;;;
14092016,,32 %,23 %,11 %,6 %,8 %,13 %,–,–,7 %,,28 %,2501,05.09.–09.09.;;;;;;;;;;;;;;;
07092016,,33 %,22 %,12 %,7 %,8 %,12 %,–,–,6 %,,28 %,2501,29.08.–02.09.;;;;;;;;;;;;;;;
31082016,,33 %,22 %,12 %,6 %,9 %,12 %,–,–,6 %,,29 %,2503,22.08.–26.08.;;;;;;;;;;;;;;;
24082016,,35 %,22 %,12 %,6 %,9 %,10 %,–,–,6 %,,29 %,2504,15.08.–19.08.;;;;;;;;;;;;;;;
17082016,,36 %,21 %,13 %,6 %,9 %,9 %,–,–,6 %,,29 %,2501,08.08.–12.08.;;;;;;;;;;;;;;;
10082016,,36 %,21 %,13 %,5 %,10 %,9 %,–,–,6 %,,28 %,2501,01.08.–05.08.;;;;;;;;;;;;;;;
03082016,,35 %,23 %,12 %,6 %,9 %,9 %,–,–,6 %,,27 %,2508,25.07.–29.07.;;;;;;;;;;;;;;;
26072016,,35 %,22 %,13 %,6 %,9 %,9 %,–,–,6 %,,28 %,2508,18.07.–22.07.;;;;;;;;;;;;;;;
20072016,,35 %,22 %,12 %,7 %,9 %,9 %,–,–,6 %,,28 %,2502,11.07.–15.07.;;;;;;;;;;;;;;;
13072016,,36 %,23 %,12 %,6 %,9 %,8 %,–,–,6 %,,27 %,2503,04.07.–08.07.;;;;;;;;;;;;;;;
06072016,,35 %,21 %,13 %,6 %,10 %,9 %,–,–,6 %,,27 %,2504,27.06.–01.07.;;;;;;;;;;;;;;;
28062016,,34 %,22 %,12 %,6 %,9 %,10 %,–,–,7 %,,29 %,2501,20.06.–24.06.;;;;;;;;;;;;;;;
22062016,,33 %,21 %,13 %,6 %,9 %,11 %,–,–,7 %,,29 %,2503,13.06.–17.06.;;;;;;;;;;;;;;;
15062016,,33 %,21 %,13 %,6 %,10 %,11 %,–,–,6 %,,30 %,2505,06.06.–10.06.;;;;;;;;;;;;;;;
08062016,,34 %,21 %,13 %,7 %,10 %,10 %,–,–,5 %,,29 %,2501,30.05.–03.06.;;;;;;;;;;;;;;;
01062016,,34 %,21 %,13 %,6 %,9 %,10 %,–,–,7 %,,29 %,2502,23.05.–27.05.;;;;;;;;;;;;;;;
24052016,,33 %,20 %,14 %,6 %,9 %,12 %,–,–,6 %,,30 %,2006,17.05.–20.05.;;;;;;;;;;;;;;;
17052016,,34 %,19 %,14 %,7 %,9 %,11 %,–,–,6 %,,29 %,2501,09.05.–13.05.;;;;;;;;;;;;;;;
11052016,,34 %,21 %,13 %,8 %,9 %,10 %,–,–,5 %,,27 %,2002,02.05.–06.05.;;;;;;;;;;;;;;;
03052016,,34 %,21 %,13 %,8 %,9 %,9 %,–,–,6 %,,28 %,2501,25.04.–29.04.;;;;;;;;;;;;;;;
27042016,,33 %,22 %,13 %,8 %,9 %,10 %,–,–,5 %,,28 %,2502,18.04.–22.04.;;;;;;;;;;;;;;;
20042016,,34 %,21 %,13 %,7 %,9 %,11 %,–,–,5 %,,29 %,2504,11.04.–15.04.;;;;;;;;;;;;;;;
13042016,,34 %,21 %,14 %,7 %,9 %,10 %,–,–,5 %,,29 %,2506,04.04.–08.04.;;;;;;;;;;;;;;;
06042016,,35 %,21 %,13 %,7 %,8 %,10 %,–,–,6 %,,27 %,2004,29.03.–01.04.;;;;;;;;;;;;;;;
30032016,,36 %,20 %,13 %,7 %,8 %,10 %,–,–,6 %,,29 %,2005,21.03.–24.03.;;;;;;;;;;;;;;;
22032016,,35 %,20 %,13 %,6 %,8 %,13 %,–,–,5 %,,30 %,2501,14.03.–18.03.;;;;;;;;;;;;;;;
16032016,,35 %,22 %,10 %,7 %,10 %,11 %,–,–,5 %,,34 %,2505,07.03.–11.03.;;;;;;;;;;;;;;;
09032016,,35 %,23 %,11 %,6 %,9 %,10 %,–,–,6 %,,33 %,2501,29.02.–04.03.;;;;;;;;;;;;;;;
02032016,,35 %,24 %,10 %,6 %,10 %,9 %,–,–,6 %,,34 %,2503,22.02.–26.02.;;;;;;;;;;;;;;;
24022016,,35 %,24 %,10 %,6 %,10 %,10 %,–,–,5 %,,34 %,2502,15.02.–19.02.;;;;;;;;;;;;;;;
17022016,,35 %,23 %,11 %,6 %,10 %,9 %,–,–,6 %,,35 %,2501,08.02.–12.02.;;;;;;;;;;;;;;;
10022016,,36 %,24 %,10 %,5 %,9 %,10 %,–,–,6 %,,35 %,2500,01.02.–05.02.;;;;;;;;;;;;;;;
03022016,,36 %,24 %,10 %,5 %,9 %,10 %,–,–,6 %,,34 %,2501,25.01.–29.01.;;;;;;;;;;;;;;;
27012016,,36 %,24 %,10 %,5 %,10 %,10 %,–,–,5 %,,36 %,2505,18.01.–22.01.;;;;;;;;;;;;;;;
19012016,,37 %,23 %,10 %,5 %,9 %,10 %,–,–,6 %,,36 %,2501,11.01.–15.01.;;;;;;;;;;;;;;;
13012016,,38 %,23 %,10 %,5 %,10 %,9 %,–,–,5 %,,35 %,2503,04.01.–08.01.;;;;;;;;;;;;;;;
06012016,,38 %,23 %,10 %,5 %,10 %,8 %,–,–,6 %,,32 %,1503,28.12.–30.12.;;;;;;;;;;;;;;;
29122015,,38 %,23 %,10 %,5 %,10 %,8 %,–,–,6 %,,33 %,1501,21.12.–23.12.;;;;;;;;;;;;;;;
22122015,,39 %,24 %,10 %,4 %,10 %,8 %,–,–,5 %,,34 %,2504,14.12.–18.12.;;;;;;;;;;;;;;;
15122015,,39 %,24 %,11 %,4 %,9 %,8 %,–,–,5 %,,35 %,2502,07.12.–11.12.;;;;;;;;;;;;;;;
09122015,,38 %,24 %,10 %,4 %,9 %,8 %,–,–,7 %,,36 %,2506,30.11.–04.12.;;;;;;;;;;;;;;;
02122015,,39 %,24 %,10 %,5 %,9 %,6 %,–,–,7 %,,33 %,2501,23.11.–27.11.;;;;;;;;;;;;;;;
25112015,,39 %,24 %,10 %,5 %,9 %,7 %,–,–,6 %,,33 %,2502,16.11.–22.11.;;;;;;;;;;;;;;;
17112015,,36 %,25 %,10 %,5 %,9 %,8 %,–,–,7 %,,32 %,2504,09.11.–13.11.;;;;;;;;;;;;;;;
11112015,,38 %,25 %,10 %,5 %,8 %,7 %,–,–,7 %,,32 %,2503,02.11.–06.11.;;;;;;;;;;;;;;;
04112015,,36 %,24 %,11 %,5 %,9 %,7 %,–,–,8 %,,34 %,2504,26.10.–30.10.;;;;;;;;;;;;;;;
28102015,,36 %,24 %,11 %,6 %,9 %,6 %,–,–,8 %,,34 %,2501,19.10.–23.10.;;;;;;;;;;;;;;;
21102015,,38 %,24 %,11 %,4 %,10 %,7 %,–,–,6 %,,34 %,2502,12.10.–16.10.;;;;;;;;;;;;;;;
14102015,,38 %,25 %,10 %,5 %,9 %,7 %,–,–,6 %,,34 %,2502,05.10.–09.10.;;;;;;;;;;;;;;;
07102015,,39 %,25 %,9 %,5 %,9 %,7 %,–,–,6 %,,33 %,2505,28.09.–02.10.;;;;;;;;;;;;;;;
30092015,,40 %,24 %,10 %,5 %,10 %,5 %,–,–,6 %,,32 %,2506,21.09.–25.09.;;;;;;;;;;;;;;;
23092015,,40 %,24 %,10 %,5 %,10 %,4 %,–,–,7 %,,29 %,2501,14.09.–18.09.;;;;;;;;;;;;;;;
16092015,,41 %,24 %,10 %,4 %,10 %,4 %,–,–,7 %,,29 %,2501,07.09.–11.09.;;;;;;;;;;;;;;;
09092015,,41 %,24 %,10 %,4 %,10 %,4 %,–,–,7 %,,30 %,2503,31.08.–04.09.;;;;;;;;;;;;;;;
02092015,,40 %,24 %,11 %,5 %,11 %,3 %,–,–,6 %,,30 %,2504,24.08.–28.08.;;;;;;;;;;;;;;;
26082015,,41 %,23 %,10 %,4 %,11 %,4 %,–,–,7 %,,30 %,2500,17.08.–21.08.;;;;;;;;;;;;;;;
19082015,,43 %,23 %,10 %,4 %,10 %,3 %,–,–,7 %,,30 %,2500,10.08.–14.08.;;;;;;;;;;;;;;;
12082015,,43 %,23 %,10 %,5 %,9 %,3 %,–,–,7 %,,30 %,2500,03.08.–07.08.;;;;;;;;;;;;;;;
05082015,,41 %,24 %,10 %,5 %,9 %,3 %,–,–,8 %,,29 %,2501,27.07.–31.07.;;;;;;;;;;;;;;;
29072015,,42 %,23 %,10 %,4 %,10 %,3 %,–,–,8 %,,–,2501,20.07.–24.07.;;;;;;;;;;;;;;;
22072015,,41 %,24 %,10 %,5 %,10 %,4 %,–,–,6 %,,28 %,2501,13.07.–17.07.;;;;;;;;;;;;;;;
14072015,,42 %,23 %,11 %,4 %,10 %,4 %,–,–,6 %,,28 %,2503,06.07.–10.07.;;;;;;;;;;;;;;;
08072015,,42 %,23 %,11 %,5 %,10 %,4 %,–,–,5 %,,27 %,2502,29.06.–03.07.;;;;;;;;;;;;;;;
01072015,,42 %,23 %,10 %,5 %,10 %,4 %,–,–,6 %,,29 %,2505,22.06.–26.06.;;;;;;;;;;;;;;;
24062015,,41 %,23 %,10 %,5 %,10 %,4 %,–,–,7 %,,28 %,2501,15.06.–19.06.;;;;;;;;;;;;;;;
17062015,,41 %,23 %,11 %,5 %,9 %,5 %,–,–,6 %,,29 %,2502,08.06.–12.06.;;;;;;;;;;;;;;;
10062015,,41 %,24 %,10 %,6 %,9 %,4 %,–,–,6 %,,27 %,2504,01.06.–05.06.;;;;;;;;;;;;;;;
02062015,,40 %,23 %,10 %,6 %,10 %,5 %,–,–,6 %,,27 %,2502,26.05.–29.05.;;;;;;;;;;;;;;;
27052015,,39 %,23 %,11 %,7 %,9 %,4 %,–,–,7 %,,29 %,2503,18.05.–22.05.;;;;;;;;;;;;;;;
20052015,,40 %,22 %,11 %,6 %,9 %,5 %,–,–,7 %,,28 %,2003,11.05.–15.05.;;;;;;;;;;;;;;;
12052015,,41 %,23 %,12 %,4 %,9 %,5 %,–,–,6 %,,29 %,2502,04.05.–08.05.;;;;;;;;;;;;;;;
06052015,,42 %,24 %,10 %,4 %,9 %,4 %,–,–,7 %,,30 %,2001,27.04.–30.04.;;;;;;;;;;;;;;;
29042015,,42 %,24 %,10 %,4 %,9 %,4 %,–,–,7 %,,29 %,2506,20.04.–24.04.;;;;;;;;;;;;;;;
22042015,,42 %,24 %,10 %,4 %,8 %,6 %,–,–,6 %,,28 %,2502,13.04.–17.04.;;;;;;;;;;;;;;;
15042015,,42 %,24 %,10 %,5 %,8 %,5 %,–,–,6 %,,29 %,2004,07.04.–10.04.;;;;;;;;;;;;;;;
08042015,,42 %,23 %,10 %,4 %,9 %,6 %,–,–,6 %,,28 %,2001,30.03.–02.04.;;;;;;;;;;;;;;;
31032015,,42 %,23 %,10 %,4 %,9 %,6 %,–,–,6 %,,29 %,2505,23.03.–27.03.;;;;;;;;;;;;;;;
25032015,,41 %,24 %,10 %,5 %,8 %,5 %,–,–,7 %,,28 %,2501,16.03.–20.03.;;;;;;;;;;;;;;;
18032015,,41 %,24 %,9 %,5 %,9 %,6 %,–,–,6 %,,28 %,2500,09.03.–13.03.;;;;;;;;;;;;;;;
11032015,,41 %,24 %,9 %,5 %,9 %,6 %,–,–,6 %,,30 %,2504,02.03.–06.03.;;;;;;;;;;;;;;;
04032015,,41 %,24 %,9 %,5 %,9 %,7 %,–,–,5 %,,29 %,2502,23.02.–27.02.;;;;;;;;;;;;;;;
25022015,,42 %,24 %,9 %,5 %,9 %,6 %,–,–,5 %,,28 %,2501,16.02.–20.02.;;;;;;;;;;;;;;;
18022015,,43 %,23 %,10 %,5 %,8 %,5 %,–,–,6 %,,29 %,2502,09.02.–13.02.;;;;;;;;;;;;;;;
11022015,,42 %,23 %,10 %,5 %,9 %,6 %,–,–,5 %,,29 %,2503,02.02.–06.02.;;;;;;;;;;;;;;;
04022015,,42 %,23 %,10 %,4 %,10 %,5 %,–,–,6 %,,30 %,2510,26.01.–30.01.;;;;;;;;;;;;;;;
28012015,,42 %,23 %,10 %,3 %,9 %,6 %,–,–,7 %,,29 %,2015,19.01.–23.01.;;;;;;;;;;;;;;;
21012015,,42 %,22 %,10 %,3 %,10 %,6 %,–,–,7 %,,28 %,2502,12.01.–16.01.;;;;;;;;;;;;;;;
14012015,,42 %,22 %,10 %,4 %,10 %,6 %,–,–,6 %,,28 %,2504,05.01.–09.01.;;;;;;;;;;;;;;;
07012015,,42 %,22 %,11 %,3 %,10 %,5 %,–,–,7 %,,29 %,1002,02.01.–05.01.;;;;;;;;;;;;;;;
01012015,,42 %,23 %,10 %,2 %,11 %,5 %,–,–,7 %,,30 %,2504,15.12.–19.12.;;;;;;;;;;;;;;;
;;;;;;;;;;;;;;;
;;;;;;;;;;;;;;;
;;;;;;;;;;;;;;;
;;;;;;;;;;;;;;;
;;;;;;;;;;;;;;;
;;;;;;;;;;;;;;;
;;;;;;;;;;;;;;;
;;;;;;;;;;;;;;;
;;;;;;;;;;;;;;;
;;;;;;;;;;;;;;;
;;;;;;;;;;;;;;;
;;;;;;;;;;;;;;;
;;;;;;;;;;;;;;;
;;;;;;;;;;;;;;;
;;;;;;;;;;;;;;;
;;;;;;;;;;;;;;;
;;;;;;;;;;;;;;;
;;;;;;;;;;;;;;;
;;;;;;;;;;;;;;;
;;;;;;;;;;;;;;;
;;;;;;;;;;;;;;;
;;;;;;;;;;;;;;;
;;;;;;;;;;;;;;;
;;;;;;;;;;;;;;;
;;;;;;;;;;;;;;;
;;;;;;;;;;;;;;;
;;;;;;;;;;;;;;;
;;;;;;;;;;;;;;;
;;;;;;;;;;;;;;;
;;;;;;;;;;;;;;;
;;;;;;;;;;;;;;;
;;;;;;;;;;;;;;;
;;;;;;;;;;;;;;;
;;;;;;;;;;;;;;;
;;;;;;;;;;;;;;;
;;;;;;;;;;;;;;;
;;;;;;;;;;;;;;;
;;;;;;;;;;;;;;;
;;;;;;;;;;;;;;;
;;;;;;;;;;;;;;;
;;;;;;;;;;;;;;;
;;;;;;;;;;;;;;;
;;;;;;;;;;;;;;;
;;;;;;;;;;;;;;;
;;;;;;;;;;;;;;;
;;;;;;;;;;;;;;;
;;;;;;;;;;;;;;;
;;;;;;;;;;;;;;;
;;;;;;;;;;;;;;;
;;;;;;;;;;;;;;;
;;;;;;;;;;;;;;;
;;;;;;;;;;;;;;;
;;;;;;;;;;;;;;;
;;;;;;;;;;;;;;;
;;;;;;;;;;;;;;;
;;;;;;;;;;;;;;;
;;;;;;;;;;;;;;;
;;;;;;;;;;;;;;;
;;;;;;;;;;;;;;;
;;;;;;;;;;;;;;;
;;;;;;;;;;;;;;;
;;;;;;;;;;;;;;;
;;;;;;;;;;;;;;;
;;;;;;;;;;;;;;;
;;;;;;;;;;;;;;;
;;;;;;;; als Wahlergebnis: nicht teilgenommen,– Als Umfragewert: nicht ausgewiesen; als Wahlergebnis: nicht teilgenommen,– Als Umfragewert: nicht ausgewiesen; als Wahlergebnis: nicht teilgenommen,– Als Umfragewert: nicht ausgewiesen; als Wahlergebnis: nicht teilgenommen,– Als Umfragewert: nicht ausgewiesen; als Wahlergebnis: nicht teilgenommen,– Als Umfragewert: nicht ausgewiesen; als Wahlergebnis: nicht teilgenommen,– Als Umfragewert: nicht ausgewiesen; als Wahlergebnis: nicht teilgenommen,– Als Umfragewert: nicht ausgewiesen; als Wahlergebnis: nicht teilgenommen
